Codigo,Acao,Tipo,Qtde Teorica,Part %
RRRP3,3R PETROLEUM,ON NM,463981130,0.5449
ALOS3,ALLOS,ON NM,502481592,0.5104
ALPA4,ALPARGATAS,PN N1,166460180,0.0570
ABEV3,AMBEV S/A,ON,4394835131,2.5172
ASAI3,ASSAI,ON NM,1349687675,0.5753
AURE3,AUREN,ON NM,291727616,0.1479
AZUL4,AZUL,PN N2,328421113,0.0788
AZZA3,AZZAS 2154,ON NM,127330493,0.2778
B3SA3,B3,ON NM,5511401013,3.1126
BBSE3,BBSEGURIDADE,ON NM,637332335,1.0426
BBDC3,BRADESCO,ON N1,1484426957,0.9348
BBDC4,BRADESCO,PN N1,5129958973,3.5735
BRAP4,BRADESPAR,PN N1,250969312,0.2176
BBAS3,BRASIL,ON EX NM,2842613858,3.5602
BRKM5,BRASKEM,PNA N1,265388400,0.2132
BRFS3,BRF SA,ON NM,814523002,0.9515
BPAC11,BTGP BANCO,UNT N2,1287247964,2.0387
CXSE3,CAIXA SEGURI,ON NM,517500000,0.3768
CRFB3,CARREFOUR BR,ON NM,531901983,0.2125
CCRO3,CCR SA,ON NM,991920937,0.5853
CMIG4,CEMIG,PN ED N1,1858636840,0.9627
COGN3,COGNA ON,ON NM,1872454628,0.1142
CPLE6,COPEL,PNB N2,1679233590,0.7800
CSAN3,COSAN,ON NM,1165337843,0.6934
CPFE3,CPFL ENERGIA,ON NM,187732538,0.2850
CMIN3,CSNMINERACAO,ON N2,1110559345,0.2809
CVCB3,CVC BRASIL,ON NM,525591097,0.0461
CYRE3,CYRELA REALT,ON NM,264710610,0.2572
ELET3,ELETROBRAS,ON N1,1780013881,3.3100
ELET6,ELETROBRAS,PNB N1,268733136,0.5522
EMBR3,EMBRAER,ON NM,734632601,1.5323
ENGI11,ENERGISA,UNT N2,326175300,0.6873
ENEV3,ENEVA,ON NM,1579821370,0.9238
EGIE3,ENGIE BRASIL,ON ED NM,255236938,0.5133
EQTL3,EQUATORIAL,ON ES NM,1244602400,1.8958
EZTC3,EZTEC,ON NM,97334950,0.0610
FLRY3,FLEURY,ON NM,464420650,0.3299
GGBR4,GERDAU,PN N1,1242683687,1.0128
GOAU4,GERDAU MET,PN N1,661577619,0.3091
NTCO3,GRUPO NATURA,ON NM,849350756,0.5125
HAPV3,HAPVIDA,ON NM,4779395040,0.9025
HYPE3,HYPERA,ON NM,409310634,0.5203
IGTI11,IGUATEMI S.A,UNT N1,211468849,0.2080
IRBR3,IRBBRASIL RE,ON NM,81838243,0.1763
ITSA4,ITAUSA,PN N1,5504638590,2.6822
ITUB4,ITAUUNIBANCO,PN N1,4455161368,7.2795
JBSS3,JBS,ON NM,1142696472,1.7813
KLBN11,KLABIN S/A,UNT N2,765785673,0.7363
RENT3,LOCALIZA,ON NM,977700485,1.8015
LREN3,LOJAS RENNER,ON NM,952487418,0.7216
LWSA3,LWSA,ON NM,420626825,0.0852
MGLU3,MAGAZ LUIZA,ON NM,353448195,0.1914
MRFG3,MARFRIG,ON NM,302019876,0.1958
BEEF3,MINERVA,ON NM,261359935,0.0871
MRVE3,MRV,ON NM,375335828,0.1248
MULT3,MULTIPLAN,ON N2,318010631,0.3631
PCAR3,P.ACUCAR-CBD,ON NM,379327171,0.0528
PETR3,PETROBRAS,ON EDJ N2,2448348744,4.6825
PETR4,PETROBRAS,PN EDJ N2,4431132660,7.7701
RECV3,PETRORECSA,ON NM,275699226,0.2505
PRIO3,PETRORIO,ON NM,798909771,1.6667
PETZ3,PETZ,ON NM,307729428,0.0666
RADL3,RAIADROGASIL,ON NM,1279770315,1.5709
RAIZ4,RAIZEN,PN N2,1192947233,0.1705
RDOR3,REDE D OR,ON NM,1145289019,1.6287
RAIL3,RUMO S.A.,ON NM,1215994115,1.1834
SBSP3,SABESP,ON NM,683508570,2.8839
SANB11,SANTANDER BR,UNT,356586730,0.4987
STBP3,SANTOS BRP,ON NM,855712622,0.4954
SMTO3,SAO MARTINHO,ON NM,142348116,0.1757
CSNA3,SID NACIONAL,ON,736268400,0.3889
SLCE3,SLC AGRICOLA,ON NM,194261422,0.1528
SUZB3,SUZANO S.A.,ON NM,630821784,1.5453
TAEE11,TAESA,UNT N2,218568234,0.3451
VIVT3,TELEF BRASIL,ON EJ,407257128,0.9401
TIMS3,TIM,ON NM,807495418,0.6423
TOTS3,TOTVS,ON NM,540206440,0.7211
TRPL4,TRAN PAULIST,PN N1,395801044,0.4356
UGPA3,ULTRAPAR,ON NM,1090134379,1.1342
USIM5,USIMINAS,PNA N1,515193199,0.1429
VALE3,VALE,ON NM,4270903023,11.3336
VAMO3,VAMOS,ON NM,485166826,0.1642
VBBR3,VIBRA,ON NM,1023392529,1.1723
VIVA3,VIVARA S.A.,ON NM,125823025,0.1480
WEGE3,WEG,ON NM,1269032828,3.0607
YDUQ3,YDUQS PART,ON NM,290010465,0.1272
